Fuzzy Wuzzy Pet Styling Studio and S Pa,CMH Road Indiranagar,Near Metro Pillar No 89 Indiranagar,9980017296,4.8,839,2:00 pm - 7:00 pm,560038,https://images.jdmagicbox.com/comp/bangalore/v5/080pxx80.xx80.101119194404.z7v5/catalogue/fuzzy-wuzzy-pet-styling-studio-and-spa-indiranagar-bangalore-mobile-pet-grooming-services-1ahtlhi5e1-250.jpg
The Mobile Groomer,No.557/A Jayanagar 9th Block,Near Reddy Hospital Jayanagar 9th Block,9980134005,4.2,189,9:00 am - 10:30 pm,560011,https://images.jdmagicbox.com/comp/bangalore/z7/080pxx80.xx80.140905103031.t7z7/catalogue/the-mobile-groomer-jayanagar-9th-block-bangalore-pet-grooming-services-9kama7wrcf-250.jpg?clr=#006666
A D Enterprises,Layout Jp Nagar Nagarbhavi, Nagarbhavi,7411586522,4.3,10,Open 24 Hrs,560072,https://images.jdmagicbox.com/comp/bangalore/v4/080pxx80.xx80.200220133614.e5v4/catalogue/r-p-enterprises-nagarbhavi-bangalore-borewell-contractors-ieq4vmizv8-250.jpg?clr=#404026
Shreyas Pet Hospital,Upachar Hotel Basaveshwara Nagar,Near By Mahalaxmi Sweets Basaveshwara Nagar,9972943458,4.3,161,10:00 am - 6:00 pm,560079,https://images.jdmagicbox.com/comp/bangalore/29/080p5161529/catalogue/shreyas-pet-hospital-basaveshwara-nagar-bangalore-pet-shops-1f99ezwrgm-250.jpg?clr=#444422
Pet Zone,4th Block Koramangala 4th Block,Near Mahalakshmi Super Mart Koramangala 4th Block,9980124209,4.5,666,10:00 am - 9:30 pm,560034,https://images.jdmagicbox.com/comp/bangalore/s5/080pxx80.xx80.140222105730.i8s5/catalogue/pet-zone-koramangala-4th-block-bangalore-pet-shops-for-dog-2rodf5j-250.jpeg
DR. Paws Pet Clinic,Sulibele Road Devanahalli,Below Indian Bank Devanahalli,9035027051,4.5,84,10:00 am - 7:00 pm,562110,https://images.jdmagicbox.com/comp/bangalore/q9/080pxx80.xx80.220725110020.y5q9/catalogue/dr-paws-pet-clinic-devanahalli-bangalore-pet-shops-r6iavaypfz-250.jpg?clr=#422e24
Rk Paws,Mavalli,Near Lalbagh Botanical Garden Main Gate Mavalli,9035026725,4.5,12,Open 24 Hrs,560004,https://images.jdmagicbox.com/comp/bangalore/s9/080pxx80.xx80.220715205627.l9s9/catalogue/rk-paws-mavalli-bangalore-pet-boarding-services-hbj64jakq1-250.jpg?clr=#3e3e28
Neighbourhood Pet Wash,1st Block Kalyan Nagar,Near Oriental Bank Of Commerce Kalyan Nagar,9845468835,4.1,351,10:30 am - 5:30 pm,560043,https://images.jdmagicbox.com/comp/bangalore/z8/080pxx80.xx80.130822120013.j4z8/catalogue/wagging-tail-pet-care-pvt-ltd-kalyan-nagar-bangalore-pet-shops-for-dog-1av1idx-250.jpg
Canaan Pet Junction,East Coast Road K Narayanapura,Below Hairport Unisex Saloon K Narayanapura,9980022885,4.1,374,9:00 am - 9:00 pm,560077,https://images.jdmagicbox.com/comp/bangalore/x8/080pxx80.xx80.110507182355.q6x8/catalogue/canaan-pet-junction-k-narayanapura-bangalore-pet-food-dealers-4hk3njosj3-250.jpg?clr=#2d2244
Neighbourhood Pet Wash,8th Main Road Gm Palya, Gm Palya,8460522639,3.7,3,10:00 am - 6:00 pm,560075,https://images.jdmagicbox.com/comp/bangalore/m4/080pxx80.xx80.240215122450.q1m4/catalogue/neighbourhood-pet-wash-gm-palya-bangalore-pet-grooming-services-zilvdurvin-250.jpg
T R Pets Valley,New Bel Road New Bel Road,Near Canara Bank Opposite HP Petrol Bunk New Bel Road,9980118068,3.7,104,10:00 am - 10:00 pm,560054,https://images.jdmagicbox.com/comp/bangalore/g3/080pxx80.xx80.131012114616.z2g3/catalogue/t-r-pets-valley-new-bel-road-bangalore-pet-shops-for-dog-kd3zcuex8y-250.jpg?clr=#3e2828
