Doggy World,Rohini Sector 8,Near Pocket B6 Rohini Sector 8,7947417354,4,271,Pet Shops For Dog and Pet Shops,Open 24 Hrs,110085,https://images.jdmagicbox.com/comp/delhi/t6/011pxx11.xx11.130829112439.v5t6/catalogue/doggy-world-rohini-sector-8-delhi-pet-shops-9zkg9-250.jpg?clr=#590d0d
Pet Mojo,Aurobindo Place Market-hauz Khas, Aurobindo Place Market hauz Khas,8147957305,4.8,609,Dog Creche and Dog Trainers,Open 24 Hrs,110016,https://images.jdmagicbox.com/comp/delhi/z9/011pxx11.xx11.221216113423.r1z9/catalogue/pet-mojo-aurobindo-place-market-hauz-khas-delhi-dog-trainers-f44t8kzdz4-250.jpg
ThePetify.In - Pet Grooming At Home,C 34 Paryavaran Complex Saket,Near Saket Metro Station Gate No 2 Saket,8123717462,4,50,Pet Care Takers and Pet Grooming Services,Open 24 Hrs,110017,https://images.jdmagicbox.com/comp/delhi/p8/011pxx11.xx11.200313130108.f8p8/catalogue/pet-grooming-services-at-home-delhi-pmlujpgycr-250.jpg?clr=#2c3a3a
Pet Grooming & Care,Paryavaran Complex Saket,Near Saket Metro Station Gate No Saket,8123731826,4.6,115,Pet Grooming Services and Dog Grooming Services At Home,Open 24 Hrs,110017,https://images.jdmagicbox.com/comp/delhi/r9/011pxx11.xx11.200509174018.a4r9/catalogue/pet-grooming-care-delhi-0ihjcwctnq-250.jpg?clr=#573ff
Delhi Pet Groomer At Home,Main Road Laxmi Nagar,Near By Metro Station Laxmi Nagar,8460461398,4.3,19,Pet Grooming Services and Dog Grooming Services At Home,Open 24 Hrs,110092,https://images.jdmagicbox.com/comp/delhi/r1/011pxx11.xx11.210619113855.a5r1/catalogue/delhi-pet-groomer-at-home-greater-kailash-delhi-pet-grooming-services-vumvqcelre-250.jpg
Chien N Chat Pet Shop,Ground Floor Gurgaon Sector 109,Near Conscient One Mall Complex Gurgaon Sector 109,8147994066,4.9,406,Pet Shops For Dog and Pet Shops,10:00 am - 9:30 pm,122017,https://images.jdmagicbox.com/comp/delhi/c9/011pxx11.xx11.220226175024.x8c9/catalogue/chien-n-chat-pet-shop-gurgaon-sector-109-gurgaon-dog-food-retailers-xgzxm1bvxq-250.jpg?clr=#263340
Doggy World,DERAWAL NAGAR Model Town 2,Nr Euro Kids SchoolNr G D Goenka School Road Model Town 2,8123346403,4.3,161,Pet Shops For Dog and Pet Shops,Open 24 Hrs,110009,https://images.jdmagicbox.com/comp/delhi/b9/011pxx11.xx11.180712211023.b6b9/catalogue/doggy-world-model-town-2-delhi-pet-shops-1jjjyhujht-250.jpg?clr=#1a4d4d
Golden Paw.,Main Road Shalimar Bagh,Infront Bikaner Sweets Shalimar Bagh,8123712322,4.7,129,Pet Shops and Dog Trainers,10:00 am - 10:00 pm,110088,https://images.jdmagicbox.com/comp/delhi/b5/011pxx11.xx11.200303190459.q4b5/catalogue/golden-paws-a-complete-pet-shop-shalimar-bagh-delhi-dog-grooming-services-qj26xvefuc-250.jpg?clr=#5a0c20
Rays Pet Clinic,Sector 37 Arun Vihar Noida,Near Gurudwara Arun Vihar Noida,8460508592,5,8,Pet Shops For Dog and Veterinary Doctors,10:00 am - 9:00 pm,201303,https://images.jdmagicbox.com/comp/delhi/n5/011pxx11.xx11.240317142008.y4n5/catalogue/8tfc6wfr8u0d7ry-zl7h1s6arf-250.jpg
Paw Cure - Dog  and Cat Clinic,Tilla Mode Loni Bhopura Road,Bpcl Petrol Pump Loni Bhopura Road,7411663605,4.9,221,Veterinary Hospitals and Veterinary Doctors,Open 24 Hrs,201102,https://images.jdmagicbox.com/comp/delhi/y2/011pxx11.xx11.211220210148.i9y2/catalogue/paw-cure-green-park-delhi-veterinary-clinics-tzm997g9uh-250.jpg
A Vinod Pet Villa,Jagatpuri Jagat Puri,Karkardooma Court Jagat Puri,7043903899,3.6,19,Pet Shops For Dog and Pet Shops,Open 24 Hrs,110051,https://images.jdmagicbox.com/comp/delhi/u6/011pxx11.xx11.150516145923.e5u6/catalogue/a-vinod-pet-villa-jagat-puri-delhi-pet-accessory-dealers-rr2tipimit-250.jpg
