Cats & Dogs The Pet Clinic.Budget Friendly,Theatre Road As Rao Nagar,Near Sharadha Theatre As Rao Nagar,8485945057,4.6,201,Open 24 Hrs,500062,https://images.jdmagicbox.com/comp/hyderabad/c6/040pxx40.xx40.171130153853.q6c6/catalogue/cats-and-dogs-the-pet-clinic-as-rao-nagar-hyderabad-veterinary-doctors-0736s-250.jpg
Lovely Paws Pet Clinic,Sai Nath Puram As Rao Nagar,Beside Vanaja Hospital As Rao Nagar,8460403374,4.9,162,10:00 am - 9:00 pm,500062,https://images.jdmagicbox.com/comp/hyderabad/j6/040pxx40.xx40.210715132410.z1j6/catalogue/-5xvxtx4om5-250.jpg
All Creatures Animal Clinic,X Road Secunderabad City,Opp Best Buddies BakeryYapral Secunderabad City,8147412208,4.4,506,9:00 am - 9:00 pm,500003,https://images.jdmagicbox.com/comp/service_catalogue/veterinary-doctors-attr-blood-examination-vet74-8-250.jpg
Global Animal Hospital,Road No 3 Trimulgherry,Near Sp ColonyNear Sydicate Bank Trimulgherry,8197395602,3.5,695,Open 24 Hrs,500015,https://images.jdmagicbox.com/comp/hyderabad/c6/040pxx40.xx40.120313071038.p5c6/catalogue/global-animal-hospital-hyderabad-1f2khrcpyl-250.jpg?clr=#541d12
PAWS AND HUGS ANIMAL CARE CLINIC DIAGNOSTICS & PHARMACY,Sree Enclave Ecil Cross Road,Beside Radhika Theatre Kapra Secunderabad Ecil Cross Road,8792489621,4.9,89,Open 24 Hrs,500062,https://images.jdmagicbox.com/comp/hyderabad/n5/040pxx40.xx40.200804155019.q7n5/catalogue/paws-and-hugs-animal-clinic-moula-ali-hyderabad-veterinary-clinics-yxi5g3dzsf-250.jpg?clr=#4c1a24
Petplanet Dog Clinic,Park Vanasthalipuram,Beside Line Of Vivekanandha Park Vanasthalipuram,8867756183,4.6,485,9:00 am - 9:30 pm,500070,https://images.jdmagicbox.com/comp/hyderabad/z9/040pxx40.xx40.230602095524.n4z9/catalogue/petplanet-dog-clinic-uppal-hyderabad-veterinary-doctors-xpcri89rl1-250.jpg
Pet Park Clinic,Gardens Begumpet Begumpet,Near Prakash Nagar Metro Station Begumpet,8197323634,4.5,393,Open 24 Hrs,500016,https://images.jdmagicbox.com/comp/hyderabad/p8/040pxx40.xx40.100320182213.x5p8/catalogue/pet-park-clinic-begumpet-hyderabad-veterinary-hospitals-7z6zmsu6yo-250.jpg
Dr Deokar's Hyderabad Animal Mobile Clinic and Pet Clinic Plus Medical,Devi Bagh Nampally,Behind Railway Station Near Ram Hanuman MandirNear Crimina Nampally,8197434851,4.4,134,Open 24 Hrs,500001,https://images.jdmagicbox.com/comp/service_catalogue/complete-veterinary-care-040pxx40.xx40.130110153635.j9k8-0rf82dx-250.jpg
Pet Animal Clinic,Uppal Boduppal,Near Bus Stop Boduppal,8792488980,4.6,85,Open 24 Hrs,500092,https://images.jdmagicbox.com/comp/hyderabad/j5/040pxx40.xx40.200707122541.k9j5/catalogue/pet-animal-clinic-hyderabad-7r2y8hywni-250.jpg?clr=#47331f
Dr.Paws Pet and Animal Clinic,Marredpally East Marredpally,Near Bhandhan Bank East Marredpally,9054500341,5,5,Open 24 Hrs,500026,https://images.jdmagicbox.com/comp/hyderabad/e8/040pxx40.xx40.240408103906.h4e8/catalogue/dr-paws-pet-and-animal-clinic-east-marredpally-hyderabad-veterinary-doctors-ywxmhzu8z8-250.jpg
Dr. Nooruddins Pet World,Masab Tank,Opposite Cafe 555 Near Chacha Nehru Park Masab Tank,8197123506,3.9,95,10:00 am - 8:00 pm,500028,https://images.jdmagicbox.com/comp/hyderabad/15/040p2999415/catalogue/dr-nooruddins-pet-world-masab-tank-hyderabad-kennel-dealers-2yndt3e-250.jpg?clr=#412533
Doggy And Cat Care Clinic,Road No BN Reddy Nagar,Srinivasa Kirana Store BN Reddy Nagar,8197770229,4.4,431,Open 24 Hrs,500070,https://images.jdmagicbox.com/comp/hyderabad/s4/040pxx40.xx40.180108141855.m3s4/catalogue/doggy-and-cat-care-clinic-karmanghat-hyderabad-veterinary-clinics-d51d7wiv24-250.jpg
Dr Reddys Animal Mobile Clinic,Patigadda Begumpet,Near Water Tank NBT Nagar Prakash Nagar Begumpet,8460506935,3.5,35,Open 24 Hrs,500016,https://images.jdmagicbox.com/comp/hyderabad/b8/040pxx40.xx40.160621145028.a2b8/catalogue/t-r-reddy-mobile-pet-clinic-begumpet-hyderabad-veterinary-doctors-1i3zc0boza-250.jpg?clr=#1d2c49
Pet Healing Clinic,Yapral Main Road Yapral,Beside Yapral Petrol Pump Yapral,8197365529,4,123,Open 24 Hrs,500087,https://images.jdmagicbox.com/comp/hyderabad/j3/040pxx40.xx40.110624193443.d9j3/catalogue/dr-atuls-vet-n-pet-sikh-village-hyderabad-veterinary-doctors-wx1ls-250.jpg
Happy Dog & Cat Clinic,Uppal Main Road Uppal,Near to Main Road Uppal,8792065910,4.3,93,Open 24 Hrs,500039,https://images.jdmagicbox.com/comp/hyderabad/m7/040pxx40.xx40.181109180324.h4m7/catalogue/happy-dog-and-cat-clinic-uppal-hyderabad-pet-clinics-qsh1wlhmzz-250.jpg?clr=#3d3329
The Jupiter Pet Hospital,City to JNTU Road Madhapur,Near Yashoda Hospitals Madhapur,7043714687,4.4,7,Open 24 Hrs,500081,https://images.jdmagicbox.com/comp/hyderabad/c4/040pxx40.xx40.230828191147.k8c4/catalogue/lm0lw2o1ju9argo-2a0sf0vrmx-250.jpg?clr=#452139
Vishva's Pet Clinic,Madinaguda Miyapur,Beside Bajaj Electronics Fortune Heights Miyapur,9980882590,4.7,372,9:00 am - 9:00 pm,500049,https://images.jdmagicbox.com/comp/hyderabad/j7/040pxx40.xx40.210626153132.x7j7/catalogue/-ljkfc2i6lx-250.jpg?clr=#444422
