Dogs Forever Doggy Breeding and Boarding,Dadar West,Nancy Kelkar Road Opposite Star Mall,9450563951,4.2,50,Open 24 Hrs,400028,https://images.jdmagicbox.com/comp/mumbai/q4/022pxx22.xx22.181213140801.u2q4/catalogue/dog-villa-dogi-fitting-n-boarding-dadar-west-mumbai-dog-adoption-centres-1j4vtbembn-250.jpg?clr=#3b3b2b
The Bark Club (Corporate Office),Reay Road,Plot No 41 A Next Laxmi Ent Petrol Pump Brick Bunder,9954124936,4,263,Open 24 Hrs,400033,https://images.jdmagicbox.com/comp/mumbai/n4/022pxx22.xx22.160831161538.y7n4/catalogue/the-bark-club-corporate-office--reay-road-mumbai-pet-shops-0hcyb2m7pd-250.jpg
Taily Affairs The Pet Shop,Ulhasnagar No 4,Kurla Camp Road Opposite Fire Briget Office,9709529982,4.3,105,11:00 am - 10:00 pm,421004,https://images.jdmagicbox.com/comp/mumbai/w7/022pxx22.xx22.171220165921.k7w7/catalogue/taily-affairs-the-pet-shop-ulhasnagar-no-4-thane-veterinary-doctors-qsjmc-250.jpg?clr=#453921
Puggy's And Pari's Pet Care Services,Thane West,Daji Ramchandra Road Sampada Hospital,9061455178,4.5,66,10:00 am - 9:00 pm,400601,https://images.jdmagicbox.com/comp/mumbai/s8/022pxx22.xx22.220203103253.l9s8/catalogue/-tt4qmc1p4y-250.jpg?clr=#143d52
Shabnam Pet Grooming Services,Nalasopara East,206 Ansh Apt Behind Moregoan Talao,9999151480,4.7,36,8:00 am - 8:00 pm,401209,https://images.jdmagicbox.com/comp/palghar/g9/022pxx22.xx22.160525223443.b4g9/catalogue/shabnam-pet-grooming-services-nalasopara-east-palghar-hjrwii5w0b-250.jpg
About Doggy,Mira Road,Opposite to Rk In Hotel Opposite to David Palace,9056391748,4.3,33,10:00 am - 9:30 pm,401101,https://images.jdmagicbox.com/comp/thane/a5/022pxx22.xx22.220611115726.b5a5/catalogue/about-doggy-thane-pet-adoption-centres-au8vdxdiuq-250.jpg
The Anubis Tiger Foundation,,Km Munshi Roadmarg,9569996025,4.7,20,9:00 am - 7:00 pm,400007,https://images.jdmagicbox.com/comp/mumbai/h8/022pxx22.xx22.210921092353.p7h8/catalogue/the-anubis-tiger-foundation-mumbai-pet-adoption-centres-5vcqgxe0yx-250.jpg?clr=#57ff
MY FRIENDS PET SHOP,Kalyan West,Kalyan West,9656413446,3.1,13,9:30 am - 10:00 pm,421301,https://images.jdmagicbox.com/comp/mumbai/z9/022pxx22.xx22.220531101721.a4z9/catalogue/-fs2glicz79-250.jpg?clr=#213945
Braveheart Adoption,Kalyan West,Kalyan West,9753551746,2.9,6,Open 24 Hrs,421301,https://images.jdmagicbox.com/comp/mumbai/w3/022pxx22.xx22.180721093511.y6w3/catalogue/braveheart-adoption-kalyan-west-thane-pet-adoption-centres-mhhfzmzard-250.jpg?clr=#422424
Petsitting,Nalasopara West,Near Yashwant Gourav App,9370748835,3.7,3,8:00 am - 8:00 pm,401203,https://images.jdmagicbox.com/comp/mumbai/i4/022pxx22.xx22.210418143319.z2i4/catalogue/petsitting-nalasopara-west-palghar-pet-care-takers-vps2acna0b-250.jpg
